SENDER,TX_COUNT
0x0000000000000000000000000000000000000000000000000000000000000000,8892216
0xffd4f043057226453aeba59732d41c6093516f54823ebc3a16d17f8a77d2f0ad,6109708
0xcde6dbe01902be1f200ff03dbbd149e586847be8cee15235f82750d9b06c0e04,3382647
0x0feb54a725aa357ff2f5bc6bb023c05b310285bd861275a30521f339a434ebb3,2189564
0xd265672730b0540ffd3569530682a0f02ef984b703457790554eb0e19329663a,1687265
0x7744ada2af3b150820b7bababee72b393e5c279f8d196064c3825b561ca7c7fa,799277
0x7d7383b68e90953f67e1e56ba0b9527bd42b5c9423d804bd11d6d4500a61ff97,687529
0x1a66b986f6e938c9f6d4cf7b98c97c331165cad5759e13fbbb1dee01728841dd,666484
0x02a212de6a9dfa3a69e22387acfbafbb1a9e591bd9d636e7895dcfc8de05f331,632036
0xa7580096839771ce6c05671f4a770e227877748b6af2f955177775538f708713,507398
0x9df9ed63122824b2c77e52370bd2b9897df44f98c780f355702945f8aa923285,324137
0x686e4a8131df355a638fc5e69ae884433e4e76c800ba6ce0e3f1c21eca7f186d,304105
0xa0766ff7b0325c18e4c7416ad4ea4d01e92f09147b8c5e7e4a582dc84ca3a874,303064
0x42960e77d87a60d0a0599757beb320147510933c5e63a6ccfec3fdd54aa796fc,256325
0x7777e52f1cf736465008c8bc6190b8e3e585ec257670b82245adabf506817777,239494
0x5b712236facb45aeadb0f48fcb90f3e9b17a5b4740ab33c5f119e98209d94208,237224
0x1e63fee8516e1fa26016e97cc280beebb3def8e837a19be90a2504309a33aa64,184514
0x92ab79753d34717960af99758398da25421035adae0fb25dc301b841ab14f04e,174297
0x1911de2c6e5d7cfb3c7e4b80dc62e4eae6ce2c2903bae3b86be394fc3eb36f5d,151712
0x1b1f598f6d3bbb8b0fbc73c5676b31322ae96f1b297f85c2607b8b66f67204fa,131558
